<?xml version="1.0" encoding="UTF-8"?>
<addon id="audiodecoder.2sf" version="2.0.0.3" name="2SF Audio Decoder" provider-name="spiff">
  <requires>
    <import addon="kodi.binary.global.main" version="1.0.14"/>
    <import addon="kodi.binary.global.filesystem" version="1.0.2"/>
    <import addon="kodi.binary.instance.audiodecoder" version="2.0.0"/>
  </requires>
  <extension point="kodi.audiodecoder" name="2sf" extension=".2sf|.mini2sf" tags="true" library_linux="audiodecoder.2sf.so.2.0.0"/>
  <extension point="xbmc.addon.metadata">
    <summary lang="en">2SF Audio Decoder</summary>
    <description lang="en">2SF Audio Decoder</description>
    <platform/>
  </extension>
</addon>
