<?xml version="1.0" encoding="UTF-8"?>
<addon id="audiodecoder.ssf" version="2.0.0.3" name="SSF/DSF Audio Decoder" provider-name="spiff">
  <requires>
    <import addon="kodi.binary.global.main" version="1.0.14"/>
    <import addon="kodi.binary.global.filesystem" version="1.0.2"/>
    <import addon="kodi.binary.instance.audiodecoder" version="2.0.0"/>
  </requires>
  <extension point="kodi.audiodecoder" name="ssf" extension=".ssf|.minissf|.minidsf" tags="true" library_linux="audiodecoder.ssf.so.2.0.0"/>
  <extension point="xbmc.addon.metadata">
    <summary lang="en">SSF/DSF Audio Decoder</summary>
    <description lang="en">SSF/DSF Audio Decoder</description>
    <platform/>
  </extension>
</addon>
